Nom critère;Sur la ligne de Tramway 1;Sur la ligne de Tramway 2;Sur la ligne de Tramway 3;Sur la ligne de Busway 4;Sur la ligne de Busway 5;En correspondance avec un Chronobus;Sur 2 lignes ou plus;Terminus de ligne;Nom de 9 lettres ou moins;Nom en 1 seul mot;Nom en 3 mots ou plus;Contient une lettre doublee;Commence par un M;Commence par un B;Commence par une voyelle;Termine par un S;Termine par un E;Ne contient pas de E;Contient un H;Contient un P;Situe dans Nantes;Sur une autre commune que Nantes;Nord Loire;Sud Loire;Ile de Nantes;Moins de 1km du peripherique;Moins de 1 km d une riviere;Moins de 1 km du chateau;Moins de 1 km de la Tour Bretagne;Moins de 2 km hippodrome;Moins de 2 km des machines;Moins de 3 km du stade de la Beaujoire
Babinière;VRAI;FAUX;FAUX;FAUX;FAUX;FAUX;FAUX;VRAI;VRAI;VRAI;FAUX;FAUX;FAUX;VRAI;FAUX;FAUX;VRAI;FAUX;FAUX;FAUX;FAUX;VRAI;VRAI;FAUX;FAUX;VRAI;VRAI;FAUX;FAUX;VRAI;FAUX;VRAI
Bd de Doulon;VRAI;FAUX;FAUX;FAUX;FAUX;VRAI;FAUX;FAUX;FAUX;FAUX;VRAI;FAUX;FAUX;VRAI;FAUX;FAUX;FAUX;FAUX;FAUX;FAUX;VRAI;FAUX;VRAI;FAUX;FAUX;FAUX;FAUX;FAUX;FAUX;FAUX;FAUX;FAUX
Beaujoire;VRAI;FAUX;FAUX;FAUX;FAUX;VRAI;FAUX;VRAI;VRAI;VRAI;FAUX;FAUX;FAUX;VRAI;FAUX;FAUX;VRAI;FAUX;FAUX;FAUX;VRAI;FAUX;VRAI;FAUX;FAUX;VRAI;VRAI;FAUX;FAUX;FAUX;FAUX;VRAI
Bouffay;VRAI;FAUX;FAUX;FAUX;FAUX;FAUX;FAUX;FAUX;VRAI;VRAI;FAUX;VRAI;FAUX;VRAI;FAUX;FAUX;FAUX;VRAI;FAUX;FAUX;VRAI;FAUX;VRAI;FAUX;FAUX;FAUX;VRAI;VRAI;VRAI;FAUX;VRAI;FAUX
Chantiers Navals;VRAI;FAUX;FAUX;FAUX;FAUX;FAUX;FAUX;FAUX;FAUX;FAUX;FAUX;FAUX;FAUX;FAUX;FAUX;VRAI;FAUX;FAUX;VRAI;FAUX;VRAI;FAUX;VRAI;FAUX;FAUX;FAUX;VRAI;FAUX;FAUX;FAUX;VRAI;FAUX
Commerce;VRAI;VRAI;VRAI;FAUX;FAUX;VRAI;VRAI;FAUX;VRAI;VRAI;FAUX;VRAI;FAUX;FAUX;FAUX;FAUX;VRAI;FAUX;FAUX;FAUX;VRAI;FAUX;VRAI;FAUX;FAUX;FAUX;VRAI;VRAI;VRAI;FAUX;VRAI;FAUX
Croix Bonneau;VRAI;FAUX;FAUX;FAUX;FAUX;FAUX;FAUX;FAUX;FAUX;FAUX;FAUX;VRAI;FAUX;FAUX;FAUX;FAUX;FAUX;FAUX;FAUX;FAUX;VRAI;FAUX;VRAI;FAUX;FAUX;FAUX;FAUX;FAUX;FAUX;FAUX;FAUX;FAUX
Du Chaffault;VRAI;FAUX;FAUX;FAUX;FAUX;FAUX;FAUX;FAUX;FAUX;FAUX;FAUX;VRAI;FAUX;FAUX;FAUX;FAUX;FAUX;VRAI;VRAI;FAUX;VRAI;FAUX;VRAI;FAUX;FAUX;FAUX;VRAI;FAUX;FAUX;FAUX;VRAI;FAUX
Duchesse Anne - Château;VRAI;FAUX;FAUX;VRAI;FAUX;FAUX;VRAI;FAUX;FAUX;FAUX;VRAI;VRAI;FAUX;FAUX;FAUX;FAUX;FAUX;FAUX;VRAI;FAUX;VRAI;FAUX;VRAI;FAUX;FAUX;FAUX;VRAI;VRAI;VRAI;FAUX;VRAI;FAUX
Frachon;VRAI;FAUX;FAUX;FAUX;FAUX;FAUX;FAUX;FAUX;VRAI;VRAI;FAUX;FAUX;FAUX;FAUX;FAUX;FAUX;FAUX;VRAI;VRAI;FAUX;FAUX;VRAI;VRAI;FAUX;FAUX;VRAI;FAUX;FAUX;FAUX;FAUX;FAUX;FAUX
François Mitterrand;VRAI;FAUX;FAUX;FAUX;FAUX;FAUX;FAUX;VRAI;FAUX;FAUX;FAUX;VRAI;FAUX;FAUX;FAUX;FAUX;FAUX;FAUX;FAUX;FAUX;FAUX;VRAI;VRAI;FAUX;FAUX;VRAI;FAUX;FAUX;FAUX;FAUX;FAUX;FAUX
Gare Maritime;VRAI;FAUX;FAUX;FAUX;FAUX;VRAI;FAUX;FAUX;FAUX;FAUX;FAUX;FAUX;FAUX;FAUX;FAUX;FAUX;VRAI;FAUX;FAUX;FAUX;VRAI;FAUX;VRAI;FAUX;FAUX;FAUX;VRAI;FAUX;FAUX;FAUX;VRAI;FAUX
Gare Nord - Jardin des Plantes;VRAI;FAUX;FAUX;FAUX;FAUX;FAUX;FAUX;FAUX;FAUX;FAUX;VRAI;FAUX;FAUX;FAUX;FAUX;VRAI;FAUX;FAUX;FAUX;VRAI;VRAI;FAUX;VRAI;FAUX;FAUX;FAUX;VRAI;VRAI;FAUX;FAUX;FAUX;FAUX
Haluchère - Batignolles;VRAI;FAUX;FAUX;FAUX;FAUX;VRAI;FAUX;FAUX;FAUX;FAUX;FAUX;VRAI;FAUX;FAUX;FAUX;VRAI;FAUX;FAUX;VRAI;FAUX;VRAI;FAUX;VRAI;FAUX;FAUX;VRAI;FAUX;FAUX;FAUX;FAUX;FAUX;VRAI
Halvêque;VRAI;FAUX;FAUX;FAUX;FAUX;FAUX;FAUX;FAUX;VRAI;VRAI;FAUX;FAUX;FAUX;FAUX;FAUX;FAUX;VRAI;FAUX;VRAI;FAUX;VRAI;FAUX;VRAI;FAUX;FAUX;VRAI;FAUX;FAUX;FAUX;FAUX;FAUX;VRAI
Hôpital Bellier;VRAI;FAUX;FAUX;FAUX;FAUX;FAUX;FAUX;FAUX;FAUX;FAUX;FAUX;VRAI;FAUX;FAUX;FAUX;FAUX;FAUX;FAUX;VRAI;VRAI;VRAI;FAUX;VRAI;FAUX;FAUX;FAUX;VRAI;FAUX;FAUX;FAUX;FAUX;FAUX
Jamet;VRAI;FAUX;FAUX;FAUX;FAUX;FAUX;FAUX;VRAI;VRAI;VRAI;FAUX;FAUX;FAUX;FAUX;FAUX;FAUX;FAUX;FAUX;FAUX;FAUX;VRAI;FAUX;VRAI;FAUX;FAUX;FAUX;FAUX;FAUX;FAUX;FAUX;FAUX;FAUX
Jean Moulin;VRAI;FAUX;FAUX;FAUX;FAUX;FAUX;FAUX;FAUX;FAUX;FAUX;FAUX;FAUX;FAUX;FAUX;FAUX;FAUX;FAUX;FAUX;FAUX;FAUX;VRAI;FAUX;VRAI;FAUX;FAUX;FAUX;FAUX;FAUX;FAUX;FAUX;FAUX;FAUX
Landreau;VRAI;FAUX;FAUX;FAUX;FAUX;FAUX;FAUX;FAUX;VRAI;VRAI;FAUX;FAUX;FAUX;FAUX;FAUX;FAUX;FAUX;FAUX;FAUX;FAUX;VRAI;FAUX;VRAI;FAUX;FAUX;FAUX;FAUX;FAUX;FAUX;FAUX;FAUX;VRAI
Lauriers;VRAI;FAUX;FAUX;FAUX;FAUX;FAUX;FAUX;FAUX;VRAI;VRAI;FAUX;FAUX;FAUX;FAUX;FAUX;VRAI;FAUX;FAUX;FAUX;FAUX;VRAI;FAUX;VRAI;FAUX;FAUX;FAUX;FAUX;FAUX;FAUX;FAUX;FAUX;FAUX
Mairie de Doulon;VRAI;FAUX;FAUX;FAUX;FAUX;FAUX;FAUX;FAUX;FAUX;FAUX;VRAI;FAUX;VRAI;FAUX;FAUX;FAUX;FAUX;FAUX;FAUX;FAUX;VRAI;FAUX;VRAI;FAUX;FAUX;FAUX;FAUX;FAUX;FAUX;FAUX;FAUX;FAUX
Manufacture;VRAI;FAUX;FAUX;FAUX;FAUX;FAUX;FAUX;FAUX;FAUX;VRAI;FAUX;FAUX;VRAI;FAUX;FAUX;FAUX;VRAI;FAUX;FAUX;FAUX;VRAI;FAUX;VRAI;FAUX;FAUX;FAUX;VRAI;VRAI;FAUX;FAUX;FAUX;FAUX
Mendès France - Bellevue;VRAI;FAUX;FAUX;FAUX;FAUX;VRAI;FAUX;FAUX;FAUX;FAUX;VRAI;VRAI;VRAI;FAUX;FAUX;FAUX;VRAI;FAUX;FAUX;FAUX;VRAI;FAUX;VRAI;FAUX;FAUX;FAUX;FAUX;FAUX;FAUX;FAUX;FAUX;FAUX
Moutonnerie;VRAI;FAUX;FAUX;FAUX;FAUX;FAUX;FAUX;FAUX;FAUX;VRAI;FAUX;VRAI;VRAI;FAUX;FAUX;FAUX;VRAI;FAUX;FAUX;FAUX;VRAI;FAUX;VRAI;FAUX;FAUX;FAUX;VRAI;FAUX;FAUX;FAUX;FAUX;FAUX
Médiathèque;VRAI;FAUX;FAUX;FAUX;FAUX;FAUX;FAUX;FAUX;FAUX;VRAI;FAUX;FAUX;VRAI;FAUX;FAUX;FAUX;VRAI;FAUX;VRAI;FAUX;VRAI;FAUX;VRAI;FAUX;FAUX;FAUX;VRAI;FAUX;VRAI;FAUX;VRAI;FAUX
Neruda;VRAI;FAUX;FAUX;FAUX;FAUX;FAUX;FAUX;FAUX;VRAI;VRAI;FAUX;FAUX;FAUX;FAUX;FAUX;FAUX;FAUX;FAUX;FAUX;FAUX;FAUX;VRAI;VRAI;FAUX;FAUX;VRAI;FAUX;FAUX;FAUX;FAUX;FAUX;FAUX
Pin Sec;VRAI;FAUX;FAUX;FAUX;FAUX;FAUX;FAUX;FAUX;VRAI;FAUX;FAUX;FAUX;FAUX;FAUX;FAUX;FAUX;FAUX;FAUX;FAUX;VRAI;VRAI;FAUX;VRAI;FAUX;FAUX;VRAI;FAUX;FAUX;FAUX;FAUX;FAUX;VRAI
Ranzay;VRAI;FAUX;FAUX;FAUX;FAUX;VRAI;FAUX;FAUX;VRAI;VRAI;FAUX;FAUX;FAUX;FAUX;FAUX;FAUX;FAUX;VRAI;FAUX;FAUX;VRAI;FAUX;VRAI;FAUX;FAUX;VRAI;VRAI;FAUX;FAUX;FAUX;FAUX;VRAI
Romain Rolland;VRAI;FAUX;FAUX;FAUX;FAUX;FAUX;FAUX;FAUX;FAUX;FAUX;FAUX;VRAI;FAUX;FAUX;FAUX;FAUX;FAUX;VRAI;FAUX;FAUX;VRAI;FAUX;VRAI;FAUX;FAUX;VRAI;FAUX;FAUX;FAUX;FAUX;FAUX;FAUX
Romanet;VRAI;FAUX;FAUX;FAUX;FAUX;VRAI;FAUX;FAUX;VRAI;VRAI;FAUX;FAUX;FAUX;FAUX;FAUX;FAUX;FAUX;FAUX;FAUX;FAUX;VRAI;FAUX;VRAI;FAUX;FAUX;FAUX;FAUX;FAUX;FAUX;FAUX;FAUX;FAUX
Schoelcher;VRAI;FAUX;FAUX;FAUX;FAUX;FAUX;FAUX;FAUX;FAUX;VRAI;FAUX;FAUX;FAUX;FAUX;FAUX;FAUX;FAUX;FAUX;VRAI;FAUX;FAUX;VRAI;VRAI;FAUX;FAUX;VRAI;FAUX;FAUX;FAUX;FAUX;FAUX;FAUX
Souillarderie;VRAI;FAUX;FAUX;FAUX;FAUX;FAUX;FAUX;FAUX;FAUX;VRAI;FAUX;VRAI;FAUX;FAUX;FAUX;FAUX;VRAI;FAUX;FAUX;FAUX;VRAI;FAUX;VRAI;FAUX;FAUX;FAUX;FAUX;FAUX;FAUX;FAUX;FAUX;VRAI
Tertre;VRAI;FAUX;FAUX;FAUX;FAUX;VRAI;FAUX;FAUX;VRAI;VRAI;FAUX;FAUX;FAUX;FAUX;FAUX;FAUX;VRAI;FAUX;FAUX;FAUX;FAUX;VRAI;VRAI;FAUX;FAUX;FAUX;FAUX;FAUX;FAUX;FAUX;FAUX;FAUX
Tourmaline;VRAI;FAUX;FAUX;FAUX;FAUX;FAUX;FAUX;FAUX;FAUX;VRAI;FAUX;FAUX;FAUX;FAUX;FAUX;FAUX;VRAI;FAUX;FAUX;FAUX;FAUX;VRAI;VRAI;FAUX;FAUX;VRAI;FAUX;FAUX;FAUX;FAUX;FAUX;FAUX
Égalité;VRAI;FAUX;FAUX;FAUX;FAUX;FAUX;FAUX;FAUX;VRAI;VRAI;FAUX;FAUX;FAUX;FAUX;VRAI;FAUX;VRAI;FAUX;FAUX;FAUX;VRAI;FAUX;VRAI;FAUX;FAUX;FAUX;FAUX;FAUX;FAUX;FAUX;VRAI;FAUX
50 Otages;FAUX;VRAI;FAUX;FAUX;FAUX;VRAI;FAUX;FAUX;VRAI;FAUX;FAUX;FAUX;FAUX;FAUX;FAUX;VRAI;FAUX;FAUX;FAUX;FAUX;VRAI;FAUX;VRAI;FAUX;FAUX;FAUX;VRAI;VRAI;VRAI;FAUX;VRAI;FAUX
08-mai;FAUX;FAUX;VRAI;FAUX;FAUX;FAUX;FAUX;FAUX;VRAI;FAUX;FAUX;FAUX;FAUX;FAUX;FAUX;FAUX;FAUX;VRAI;FAUX;FAUX;FAUX;VRAI;FAUX;VRAI;FAUX;FAUX;VRAI;FAUX;FAUX;FAUX;FAUX;FAUX
Aimé Delrue;FAUX;VRAI;FAUX;FAUX;FAUX;FAUX;FAUX;FAUX;FAUX;FAUX;FAUX;FAUX;FAUX;FAUX;VRAI;FAUX;VRAI;FAUX;FAUX;FAUX;VRAI;FAUX;VRAI;FAUX;FAUX;FAUX;VRAI;VRAI;FAUX;FAUX;VRAI;FAUX
Balinière;FAUX;FAUX;VRAI;FAUX;FAUX;FAUX;FAUX;FAUX;VRAI;VRAI;FAUX;FAUX;FAUX;VRAI;FAUX;FAUX;VRAI;FAUX;FAUX;FAUX;FAUX;VRAI;FAUX;VRAI;FAUX;FAUX;FAUX;FAUX;FAUX;FAUX;FAUX;FAUX
Boissière;FAUX;VRAI;FAUX;FAUX;FAUX;FAUX;FAUX;FAUX;VRAI;VRAI;FAUX;VRAI;FAUX;VRAI;FAUX;FAUX;VRAI;FAUX;FAUX;FAUX;VRAI;FAUX;VRAI;FAUX;FAUX;VRAI;FAUX;FAUX;FAUX;VRAI;FAUX;FAUX
Bourgeonnière;FAUX;VRAI;FAUX;FAUX;FAUX;FAUX;FAUX;FAUX;FAUX;VRAI;FAUX;VRAI;FAUX;VRAI;FAUX;FAUX;VRAI;FAUX;FAUX;FAUX;VRAI;FAUX;VRAI;FAUX;FAUX;VRAI;FAUX;FAUX;FAUX;VRAI;FAUX;VRAI
Château de Rezé;FAUX;FAUX;VRAI;FAUX;FAUX;FAUX;FAUX;FAUX;FAUX;FAUX;VRAI;FAUX;FAUX;FAUX;FAUX;FAUX;VRAI;FAUX;VRAI;FAUX;FAUX;VRAI;FAUX;VRAI;FAUX;FAUX;FAUX;FAUX;FAUX;FAUX;FAUX;FAUX
Chêne des Anglais;FAUX;VRAI;FAUX;FAUX;FAUX;VRAI;FAUX;FAUX;FAUX;FAUX;VRAI;FAUX;FAUX;FAUX;FAUX;VRAI;FAUX;FAUX;VRAI;FAUX;VRAI;FAUX;VRAI;FAUX;FAUX;VRAI;FAUX;FAUX;FAUX;VRAI;FAUX;FAUX
Espace Diderot;FAUX;FAUX;VRAI;FAUX;FAUX;FAUX;FAUX;FAUX;FAUX;FAUX;FAUX;FAUX;FAUX;FAUX;VRAI;FAUX;FAUX;FAUX;FAUX;VRAI;FAUX;VRAI;FAUX;VRAI;FAUX;FAUX;FAUX;FAUX;FAUX;FAUX;FAUX;FAUX
Facultés;FAUX;VRAI;FAUX;FAUX;FAUX;FAUX;FAUX;FAUX;VRAI;VRAI;FAUX;FAUX;FAUX;FAUX;FAUX;VRAI;FAUX;FAUX;FAUX;FAUX;VRAI;FAUX;VRAI;FAUX;FAUX;FAUX;FAUX;FAUX;FAUX;VRAI;FAUX;VRAI
Gare de Pont Rousseau;FAUX;VRAI;FAUX;FAUX;FAUX;FAUX;FAUX;VRAI;FAUX;FAUX;VRAI;VRAI;FAUX;FAUX;FAUX;FAUX;FAUX;FAUX;FAUX;VRAI;FAUX;VRAI;FAUX;VRAI;FAUX;FAUX;VRAI;FAUX;FAUX;FAUX;VRAI;FAUX
Grande Ouche;FAUX;FAUX;VRAI;FAUX;FAUX;FAUX;FAUX;FAUX;FAUX;FAUX;FAUX;FAUX;FAUX;FAUX;FAUX;FAUX;VRAI;FAUX;VRAI;FAUX;FAUX;VRAI;FAUX;VRAI;FAUX;FAUX;FAUX;FAUX;FAUX;FAUX;FAUX;FAUX
Hôtel Dieu;FAUX;VRAI;VRAI;FAUX;FAUX;VRAI;VRAI;FAUX;VRAI;FAUX;FAUX;FAUX;FAUX;FAUX;FAUX;FAUX;FAUX;FAUX;VRAI;FAUX;VRAI;FAUX;VRAI;FAUX;FAUX;FAUX;VRAI;VRAI;VRAI;FAUX;VRAI;FAUX
Le Cardo;FAUX;VRAI;FAUX;FAUX;FAUX;VRAI;FAUX;FAUX;VRAI;FAUX;FAUX;FAUX;FAUX;FAUX;FAUX;FAUX;FAUX;FAUX;FAUX;FAUX;FAUX;VRAI;VRAI;FAUX;FAUX;VRAI;FAUX;FAUX;FAUX;FAUX;FAUX;FAUX
Les Couëts;FAUX;FAUX;VRAI;FAUX;FAUX;FAUX;FAUX;FAUX;VRAI;FAUX;FAUX;FAUX;FAUX;FAUX;FAUX;VRAI;FAUX;FAUX;FAUX;FAUX;FAUX;VRAI;FAUX;VRAI;FAUX;VRAI;FAUX;FAUX;FAUX;FAUX;FAUX;FAUX
Mangin;FAUX;VRAI;VRAI;FAUX;FAUX;FAUX;VRAI;FAUX;VRAI;VRAI;FAUX;FAUX;VRAI;FAUX;FAUX;FAUX;FAUX;VRAI;FAUX;FAUX;VRAI;FAUX;FAUX;FAUX;VRAI;FAUX;VRAI;FAUX;FAUX;FAUX;VRAI;FAUX
Michelet - Sciences;FAUX;VRAI;FAUX;FAUX;FAUX;FAUX;FAUX;FAUX;FAUX;FAUX;FAUX;FAUX;VRAI;FAUX;FAUX;VRAI;FAUX;FAUX;VRAI;FAUX;VRAI;FAUX;VRAI;FAUX;FAUX;FAUX;VRAI;FAUX;FAUX;VRAI;FAUX;FAUX
Morrhonnière - Petit Port;FAUX;VRAI;FAUX;FAUX;FAUX;FAUX;FAUX;FAUX;FAUX;FAUX;VRAI;VRAI;VRAI;FAUX;FAUX;FAUX;FAUX;FAUX;VRAI;VRAI;VRAI;FAUX;VRAI;FAUX;FAUX;FAUX;FAUX;FAUX;FAUX;VRAI;FAUX;VRAI
Motte Rouge;FAUX;VRAI;FAUX;FAUX;FAUX;FAUX;FAUX;FAUX;FAUX;FAUX;FAUX;VRAI;VRAI;FAUX;FAUX;FAUX;VRAI;FAUX;FAUX;FAUX;VRAI;FAUX;VRAI;FAUX;FAUX;FAUX;VRAI;FAUX;FAUX;FAUX;FAUX;FAUX
Neustrie;FAUX;FAUX;VRAI;FAUX;FAUX;FAUX;FAUX;VRAI;VRAI;VRAI;FAUX;FAUX;FAUX;FAUX;FAUX;FAUX;VRAI;FAUX;FAUX;FAUX;FAUX;VRAI;FAUX;VRAI;FAUX;VRAI;FAUX;FAUX;FAUX;FAUX;FAUX;FAUX
Orvault Grand Val;FAUX;VRAI;FAUX;FAUX;FAUX;FAUX;FAUX;VRAI;FAUX;FAUX;VRAI;FAUX;FAUX;FAUX;VRAI;FAUX;FAUX;VRAI;FAUX;FAUX;FAUX;VRAI;VRAI;FAUX;FAUX;VRAI;FAUX;FAUX;FAUX;FAUX;FAUX;FAUX
Pirmil;FAUX;VRAI;VRAI;FAUX;FAUX;VRAI;VRAI;FAUX;VRAI;VRAI;FAUX;FAUX;FAUX;FAUX;FAUX;FAUX;FAUX;VRAI;FAUX;VRAI;VRAI;FAUX;FAUX;VRAI;FAUX;FAUX;VRAI;FAUX;FAUX;FAUX;VRAI;FAUX
Place du Cirque;FAUX;VRAI;FAUX;FAUX;FAUX;VRAI;FAUX;FAUX;FAUX;FAUX;VRAI;FAUX;FAUX;FAUX;FAUX;FAUX;VRAI;FAUX;FAUX;VRAI;VRAI;FAUX;VRAI;FAUX;FAUX;FAUX;VRAI;VRAI;VRAI;FAUX;VRAI;FAUX
Pont Rousseau - Martyrs;FAUX;FAUX;VRAI;FAUX;FAUX;VRAI;FAUX;FAUX;FAUX;FAUX;VRAI;VRAI;FAUX;FAUX;FAUX;VRAI;FAUX;FAUX;FAUX;VRAI;FAUX;VRAI;FAUX;VRAI;FAUX;FAUX;VRAI;FAUX;FAUX;FAUX;VRAI;FAUX
Recteur Schmitt;FAUX;VRAI;FAUX;FAUX;FAUX;FAUX;FAUX;FAUX;FAUX;FAUX;FAUX;VRAI;FAUX;FAUX;FAUX;FAUX;FAUX;FAUX;VRAI;FAUX;VRAI;FAUX;VRAI;FAUX;FAUX;VRAI;FAUX;FAUX;FAUX;VRAI;FAUX;VRAI
René Cassin;FAUX;VRAI;FAUX;FAUX;FAUX;VRAI;FAUX;FAUX;FAUX;FAUX;FAUX;VRAI;FAUX;FAUX;FAUX;FAUX;FAUX;FAUX;FAUX;FAUX;VRAI;FAUX;VRAI;FAUX;FAUX;VRAI;FAUX;FAUX;FAUX;FAUX;FAUX;FAUX
Santos Dumont;FAUX;VRAI;FAUX;FAUX;FAUX;FAUX;FAUX;FAUX;FAUX;FAUX;FAUX;FAUX;FAUX;FAUX;FAUX;FAUX;FAUX;VRAI;FAUX;FAUX;VRAI;FAUX;VRAI;FAUX;FAUX;VRAI;FAUX;FAUX;FAUX;VRAI;FAUX;FAUX
St-Félix;FAUX;VRAI;FAUX;FAUX;FAUX;FAUX;FAUX;FAUX;VRAI;FAUX;FAUX;FAUX;FAUX;FAUX;FAUX;FAUX;FAUX;FAUX;FAUX;FAUX;VRAI;FAUX;VRAI;FAUX;FAUX;FAUX;VRAI;FAUX;FAUX;VRAI;FAUX;FAUX
St-Mihiel;FAUX;VRAI;FAUX;FAUX;FAUX;FAUX;FAUX;FAUX;VRAI;FAUX;FAUX;FAUX;FAUX;FAUX;FAUX;FAUX;FAUX;FAUX;VRAI;FAUX;VRAI;FAUX;VRAI;FAUX;FAUX;FAUX;VRAI;VRAI;VRAI;FAUX;FAUX;FAUX
Trocardière;FAUX;FAUX;VRAI;FAUX;FAUX;FAUX;FAUX;FAUX;FAUX;VRAI;FAUX;FAUX;FAUX;FAUX;FAUX;FAUX;VRAI;FAUX;FAUX;FAUX;FAUX;VRAI;FAUX;VRAI;FAUX;FAUX;FAUX;FAUX;FAUX;FAUX;FAUX;FAUX
Vincent Gâche;FAUX;VRAI;VRAI;FAUX;VRAI;FAUX;VRAI;FAUX;FAUX;FAUX;FAUX;FAUX;FAUX;FAUX;FAUX;FAUX;VRAI;FAUX;VRAI;FAUX;VRAI;FAUX;FAUX;FAUX;VRAI;FAUX;VRAI;FAUX;FAUX;FAUX;VRAI;FAUX
Wattignies;FAUX;VRAI;VRAI;FAUX;FAUX;FAUX;VRAI;FAUX;FAUX;VRAI;FAUX;VRAI;FAUX;FAUX;FAUX;VRAI;FAUX;FAUX;FAUX;FAUX;VRAI;FAUX;FAUX;FAUX;VRAI;FAUX;VRAI;FAUX;FAUX;FAUX;VRAI;FAUX
École Centrale - Audencia;FAUX;VRAI;FAUX;FAUX;FAUX;VRAI;FAUX;FAUX;FAUX;FAUX;VRAI;FAUX;FAUX;FAUX;VRAI;FAUX;FAUX;FAUX;FAUX;FAUX;VRAI;FAUX;VRAI;FAUX;FAUX;VRAI;FAUX;FAUX;FAUX;VRAI;FAUX;VRAI
Alexandre Vincent - Ste-Thérèse;FAUX;FAUX;VRAI;FAUX;FAUX;FAUX;FAUX;FAUX;FAUX;FAUX;VRAI;FAUX;FAUX;FAUX;VRAI;FAUX;VRAI;FAUX;VRAI;FAUX;VRAI;FAUX;VRAI;FAUX;FAUX;FAUX;FAUX;FAUX;FAUX;VRAI;FAUX;FAUX
Beauséjour;FAUX;FAUX;VRAI;FAUX;FAUX;VRAI;FAUX;FAUX;FAUX;VRAI;FAUX;FAUX;FAUX;VRAI;FAUX;FAUX;FAUX;FAUX;FAUX;FAUX;VRAI;FAUX;VRAI;FAUX;FAUX;FAUX;FAUX;FAUX;FAUX;FAUX;FAUX;FAUX
Bignon;FAUX;FAUX;VRAI;FAUX;FAUX;FAUX;FAUX;FAUX;VRAI;VRAI;FAUX;FAUX;FAUX;VRAI;FAUX;FAUX;FAUX;VRAI;FAUX;FAUX;FAUX;VRAI;VRAI;FAUX;FAUX;FAUX;FAUX;FAUX;FAUX;FAUX;FAUX;FAUX
Bretagne;FAUX;FAUX;VRAI;FAUX;FAUX;FAUX;FAUX;FAUX;VRAI;VRAI;FAUX;FAUX;FAUX;VRAI;FAUX;FAUX;VRAI;FAUX;FAUX;FAUX;VRAI;FAUX;VRAI;FAUX;FAUX;FAUX;VRAI;VRAI;VRAI;FAUX;VRAI;FAUX
Ferrière;FAUX;FAUX;VRAI;FAUX;FAUX;FAUX;FAUX;FAUX;VRAI;VRAI;FAUX;VRAI;FAUX;FAUX;FAUX;FAUX;VRAI;FAUX;FAUX;FAUX;FAUX;VRAI;VRAI;FAUX;FAUX;FAUX;FAUX;FAUX;FAUX;FAUX;FAUX;FAUX
Félix Faure;FAUX;FAUX;VRAI;FAUX;FAUX;FAUX;FAUX;FAUX;FAUX;FAUX;FAUX;FAUX;FAUX;FAUX;FAUX;FAUX;VRAI;FAUX;FAUX;FAUX;VRAI;FAUX;VRAI;FAUX;FAUX;FAUX;FAUX;FAUX;FAUX;FAUX;FAUX;FAUX
Jean Jaurès;FAUX;FAUX;VRAI;FAUX;FAUX;FAUX;FAUX;FAUX;FAUX;FAUX;FAUX;FAUX;FAUX;FAUX;FAUX;VRAI;FAUX;FAUX;FAUX;FAUX;VRAI;FAUX;VRAI;FAUX;FAUX;FAUX;VRAI;VRAI;VRAI;FAUX;VRAI;FAUX
Jean Rostand;FAUX;FAUX;VRAI;FAUX;FAUX;FAUX;FAUX;FAUX;FAUX;FAUX;FAUX;FAUX;FAUX;FAUX;FAUX;FAUX;FAUX;FAUX;FAUX;FAUX;FAUX;VRAI;VRAI;FAUX;FAUX;FAUX;FAUX;FAUX;FAUX;FAUX;FAUX;FAUX
Longchamp;FAUX;FAUX;VRAI;FAUX;FAUX;FAUX;FAUX;FAUX;VRAI;VRAI;FAUX;FAUX;FAUX;FAUX;FAUX;FAUX;FAUX;VRAI;VRAI;VRAI;VRAI;FAUX;VRAI;FAUX;FAUX;FAUX;FAUX;FAUX;FAUX;FAUX;FAUX;FAUX
Marcel Paul;FAUX;FAUX;VRAI;FAUX;FAUX;VRAI;FAUX;VRAI;FAUX;FAUX;FAUX;FAUX;VRAI;FAUX;FAUX;FAUX;FAUX;FAUX;FAUX;VRAI;FAUX;VRAI;VRAI;FAUX;FAUX;VRAI;FAUX;FAUX;FAUX;FAUX;FAUX;FAUX
Orvault Morlière;FAUX;FAUX;VRAI;FAUX;FAUX;FAUX;FAUX;FAUX;FAUX;FAUX;FAUX;FAUX;FAUX;FAUX;VRAI;FAUX;VRAI;FAUX;FAUX;FAUX;FAUX;VRAI;VRAI;FAUX;FAUX;FAUX;FAUX;FAUX;FAUX;FAUX;FAUX;FAUX
Plaisance;FAUX;FAUX;VRAI;FAUX;FAUX;FAUX;FAUX;FAUX;VRAI;VRAI;FAUX;FAUX;FAUX;FAUX;FAUX;FAUX;VRAI;FAUX;FAUX;VRAI;FAUX;VRAI;VRAI;FAUX;FAUX;FAUX;FAUX;FAUX;FAUX;FAUX;FAUX;FAUX
Poitou;FAUX;FAUX;VRAI;FAUX;FAUX;FAUX;FAUX;FAUX;VRAI;VRAI;FAUX;FAUX;FAUX;FAUX;FAUX;FAUX;FAUX;VRAI;FAUX;VRAI;VRAI;FAUX;VRAI;FAUX;FAUX;FAUX;VRAI;FAUX;VRAI;FAUX;FAUX;FAUX
Rond-Point de Vannes;FAUX;FAUX;VRAI;FAUX;FAUX;FAUX;FAUX;FAUX;FAUX;FAUX;VRAI;VRAI;FAUX;FAUX;FAUX;VRAI;FAUX;FAUX;FAUX;VRAI;VRAI;FAUX;VRAI;FAUX;FAUX;FAUX;FAUX;FAUX;FAUX;FAUX;FAUX;FAUX
Sillon de Bretagne;FAUX;FAUX;VRAI;FAUX;FAUX;VRAI;FAUX;FAUX;FAUX;FAUX;VRAI;VRAI;FAUX;FAUX;FAUX;FAUX;VRAI;FAUX;FAUX;FAUX;FAUX;VRAI;VRAI;FAUX;FAUX;VRAI;FAUX;FAUX;FAUX;FAUX;FAUX;FAUX
Viarme-Talensac;FAUX;FAUX;VRAI;FAUX;FAUX;FAUX;FAUX;FAUX;FAUX;FAUX;FAUX;FAUX;FAUX;FAUX;FAUX;FAUX;FAUX;FAUX;FAUX;FAUX;VRAI;FAUX;VRAI;FAUX;FAUX;FAUX;VRAI;FAUX;VRAI;FAUX;VRAI;FAUX
Beaulieu;FAUX;FAUX;FAUX;VRAI;FAUX;FAUX;FAUX;FAUX;VRAI;VRAI;FAUX;FAUX;FAUX;VRAI;FAUX;FAUX;FAUX;FAUX;FAUX;FAUX;VRAI;FAUX;FAUX;FAUX;VRAI;FAUX;VRAI;FAUX;FAUX;FAUX;FAUX;FAUX
Bonne Garde;FAUX;FAUX;FAUX;VRAI;FAUX;FAUX;FAUX;FAUX;FAUX;FAUX;FAUX;VRAI;FAUX;VRAI;FAUX;FAUX;VRAI;FAUX;FAUX;FAUX;VRAI;FAUX;FAUX;VRAI;FAUX;FAUX;VRAI;FAUX;FAUX;FAUX;FAUX;FAUX
Bourdonnières;FAUX;FAUX;FAUX;VRAI;FAUX;FAUX;FAUX;FAUX;FAUX;VRAI;FAUX;VRAI;FAUX;VRAI;FAUX;VRAI;FAUX;FAUX;FAUX;FAUX;VRAI;FAUX;FAUX;VRAI;FAUX;FAUX;VRAI;FAUX;FAUX;FAUX;FAUX;FAUX
Chapeau Verni;FAUX;FAUX;FAUX;VRAI;FAUX;FAUX;FAUX;FAUX;FAUX;FAUX;FAUX;FAUX;FAUX;FAUX;FAUX;FAUX;FAUX;FAUX;VRAI;VRAI;FAUX;VRAI;FAUX;VRAI;FAUX;FAUX;FAUX;FAUX;FAUX;FAUX;FAUX;FAUX
Cité des Congrès;FAUX;FAUX;FAUX;VRAI;FAUX;FAUX;FAUX;FAUX;FAUX;FAUX;VRAI;FAUX;FAUX;FAUX;FAUX;VRAI;FAUX;FAUX;FAUX;FAUX;VRAI;FAUX;VRAI;FAUX;FAUX;FAUX;VRAI;VRAI;FAUX;FAUX;VRAI;FAUX
Clos Toreau;FAUX;FAUX;FAUX;VRAI;FAUX;FAUX;FAUX;FAUX;FAUX;FAUX;FAUX;FAUX;FAUX;FAUX;FAUX;FAUX;FAUX;FAUX;FAUX;FAUX;VRAI;FAUX;FAUX;VRAI;FAUX;FAUX;VRAI;FAUX;FAUX;FAUX;FAUX;FAUX
Foch - Cathédrale;FAUX;FAUX;FAUX;VRAI;FAUX;VRAI;FAUX;VRAI;FAUX;FAUX;FAUX;FAUX;FAUX;FAUX;FAUX;FAUX;VRAI;FAUX;VRAI;FAUX;VRAI;FAUX;VRAI;FAUX;FAUX;FAUX;VRAI;VRAI;VRAI;FAUX;VRAI;FAUX
Greneraie;FAUX;FAUX;FAUX;VRAI;FAUX;VRAI;FAUX;FAUX;VRAI;VRAI;FAUX;FAUX;FAUX;FAUX;FAUX;FAUX;VRAI;FAUX;FAUX;FAUX;VRAI;FAUX;FAUX;VRAI;FAUX;FAUX;VRAI;FAUX;FAUX;FAUX;FAUX;FAUX
Joliverie;FAUX;FAUX;FAUX;VRAI;FAUX;FAUX;FAUX;FAUX;VRAI;VRAI;FAUX;FAUX;FAUX;FAUX;FAUX;FAUX;VRAI;FAUX;FAUX;FAUX;VRAI;FAUX;FAUX;VRAI;FAUX;FAUX;FAUX;FAUX;FAUX;FAUX;FAUX;FAUX
Maraîchers;FAUX;FAUX;FAUX;VRAI;FAUX;FAUX;FAUX;FAUX;FAUX;VRAI;FAUX;FAUX;VRAI;FAUX;FAUX;VRAI;FAUX;FAUX;VRAI;FAUX;FAUX;VRAI;FAUX;VRAI;FAUX;VRAI;VRAI;FAUX;FAUX;FAUX;FAUX;FAUX
Mauvoisins;FAUX;FAUX;FAUX;VRAI;FAUX;FAUX;FAUX;FAUX;FAUX;VRAI;FAUX;FAUX;VRAI;FAUX;FAUX;VRAI;FAUX;VRAI;FAUX;FAUX;VRAI;FAUX;FAUX;VRAI;FAUX;FAUX;VRAI;FAUX;FAUX;FAUX;FAUX;FAUX
Porte de Vertou;FAUX;FAUX;FAUX;VRAI;FAUX;FAUX;FAUX;VRAI;FAUX;FAUX;VRAI;FAUX;FAUX;FAUX;FAUX;FAUX;FAUX;FAUX;FAUX;VRAI;FAUX;VRAI;FAUX;VRAI;FAUX;VRAI;VRAI;FAUX;FAUX;FAUX;FAUX;FAUX
Tripode;FAUX;FAUX;FAUX;VRAI;FAUX;FAUX;FAUX;FAUX;VRAI;VRAI;FAUX;FAUX;FAUX;FAUX;FAUX;FAUX;VRAI;FAUX;FAUX;VRAI;VRAI;FAUX;FAUX;FAUX;VRAI;FAUX;VRAI;FAUX;FAUX;FAUX;VRAI;FAUX
Île de Nantes;FAUX;FAUX;FAUX;VRAI;VRAI;FAUX;VRAI;FAUX;FAUX;FAUX;VRAI;FAUX;FAUX;FAUX;VRAI;VRAI;FAUX;FAUX;FAUX;FAUX;VRAI;FAUX;FAUX;FAUX;VRAI;FAUX;VRAI;FAUX;FAUX;FAUX;VRAI;FAUX
Berlin;FAUX;FAUX;FAUX;FAUX;VRAI;VRAI;FAUX;FAUX;VRAI;VRAI;FAUX;FAUX;FAUX;VRAI;FAUX;FAUX;FAUX;FAUX;FAUX;FAUX;VRAI;FAUX;VRAI;FAUX;FAUX;FAUX;VRAI;VRAI;FAUX;FAUX;FAUX;FAUX
Conservatoire;FAUX;FAUX;FAUX;FAUX;VRAI;FAUX;FAUX;FAUX;FAUX;VRAI;FAUX;FAUX;FAUX;FAUX;FAUX;FAUX;VRAI;FAUX;FAUX;FAUX;VRAI;FAUX;FAUX;FAUX;VRAI;FAUX;VRAI;FAUX;FAUX;FAUX;FAUX;FAUX
Fonderies;FAUX;FAUX;FAUX;FAUX;VRAI;FAUX;FAUX;FAUX;VRAI;VRAI;FAUX;FAUX;FAUX;FAUX;FAUX;VRAI;FAUX;FAUX;FAUX;FAUX;VRAI;FAUX;FAUX;FAUX;VRAI;FAUX;VRAI;FAUX;FAUX;FAUX;VRAI;FAUX
Galarne;FAUX;FAUX;FAUX;FAUX;VRAI;FAUX;FAUX;FAUX;VRAI;VRAI;FAUX;FAUX;FAUX;FAUX;FAUX;FAUX;VRAI;FAUX;FAUX;FAUX;VRAI;FAUX;FAUX;FAUX;VRAI;FAUX;VRAI;FAUX;FAUX;FAUX;FAUX;FAUX
Gare Sud;FAUX;FAUX;FAUX;FAUX;VRAI;VRAI;FAUX;VRAI;VRAI;FAUX;FAUX;FAUX;FAUX;FAUX;FAUX;FAUX;FAUX;FAUX;FAUX;FAUX;VRAI;FAUX;VRAI;FAUX;FAUX;FAUX;VRAI;VRAI;FAUX;FAUX;FAUX;FAUX
Gare de l'État;FAUX;FAUX;FAUX;FAUX;VRAI;FAUX;FAUX;FAUX;FAUX;FAUX;VRAI;FAUX;FAUX;FAUX;FAUX;FAUX;FAUX;FAUX;FAUX;FAUX;VRAI;FAUX;FAUX;FAUX;VRAI;FAUX;VRAI;FAUX;FAUX;FAUX;VRAI;FAUX
Hangar à Bananes;FAUX;FAUX;FAUX;FAUX;VRAI;FAUX;FAUX;VRAI;FAUX;FAUX;VRAI;FAUX;FAUX;FAUX;FAUX;VRAI;FAUX;FAUX;VRAI;FAUX;VRAI;FAUX;FAUX;FAUX;VRAI;FAUX;VRAI;FAUX;FAUX;FAUX;VRAI;FAUX
Haubans;FAUX;FAUX;FAUX;FAUX;VRAI;VRAI;FAUX;FAUX;VRAI;VRAI;FAUX;FAUX;FAUX;FAUX;FAUX;VRAI;FAUX;VRAI;VRAI;FAUX;VRAI;FAUX;VRAI;FAUX;FAUX;FAUX;VRAI;FAUX;FAUX;FAUX;FAUX;FAUX
Nizan;FAUX;FAUX;FAUX;FAUX;VRAI;FAUX;FAUX;FAUX;VRAI;VRAI;FAUX;FAUX;FAUX;FAUX;FAUX;FAUX;FAUX;VRAI;FAUX;FAUX;VRAI;FAUX;FAUX;FAUX;VRAI;FAUX;VRAI;FAUX;FAUX;FAUX;VRAI;FAUX
Pompidou;FAUX;FAUX;FAUX;FAUX;VRAI;FAUX;FAUX;FAUX;VRAI;VRAI;FAUX;FAUX;FAUX;FAUX;FAUX;FAUX;FAUX;VRAI;FAUX;VRAI;VRAI;FAUX;FAUX;FAUX;VRAI;FAUX;VRAI;FAUX;FAUX;FAUX;FAUX;FAUX
Prairie au Duc;FAUX;FAUX;FAUX;FAUX;VRAI;FAUX;FAUX;FAUX;FAUX;FAUX;VRAI;FAUX;FAUX;FAUX;FAUX;FAUX;FAUX;FAUX;FAUX;VRAI;VRAI;FAUX;FAUX;FAUX;VRAI;FAUX;VRAI;FAUX;FAUX;FAUX;VRAI;FAUX
Quai des Antilles;FAUX;FAUX;FAUX;FAUX;VRAI;FAUX;FAUX;FAUX;FAUX;FAUX;VRAI;VRAI;FAUX;FAUX;FAUX;VRAI;FAUX;FAUX;FAUX;FAUX;VRAI;FAUX;FAUX;FAUX;VRAI;FAUX;VRAI;FAUX;FAUX;FAUX;VRAI;FAUX
République;FAUX;FAUX;FAUX;FAUX;VRAI;FAUX;FAUX;FAUX;FAUX;VRAI;FAUX;FAUX;FAUX;FAUX;FAUX;FAUX;VRAI;FAUX;FAUX;VRAI;VRAI;FAUX;FAUX;FAUX;VRAI;FAUX;VRAI;FAUX;FAUX;FAUX;VRAI;FAUX
Republique;FAUX;FAUX;FAUX;FAUX;VRAI;FAUX;VRAI;FAUX;FAUX;VRAI;FAUX;FAUX;VRAI;FAUX;FAUX;FAUX;FAUX;FAUX;VRAI;VRAI;FAUX;VRAI;FAUX;VRAI;FAUX;FAUX;VRAI;VRAI;FAUX;FAUX;FAUX;FAUX
